Race,Driver,Bet placed,Driver race outcome,Implied probability,Estimated probability,Expected value,Bet outcome,Units won,Net units won
Singapore,Charles Leclerc,Odds to Finish Top Six,2,0.8666666666666667,0.8740856023884439,0.008560310448204378,1,1.1538461538461537,0.15384615384615374
Singapore,Charles Leclerc,Odds to Finish Top Ten,2,0.875,0.929474326854557,0.062256373548065236,1,1.1428571428571428,0.1428571428571428
Singapore,Lewis Hamilton,Odds to Finish Top Ten,9,0.875,0.914358992688965,0.04498170593024575,1,1.1428571428571428,0.1428571428571428
Singapore,Carlos Sainz,Odds to Finish Top Ten,3,0.875,0.917244489794397,0.04827941690788218,1,1.1428571428571428,0.1428571428571428
Singapore,Sergio Perez,Odds to Win,1,0.07692307692307693,0.1711950451899326,1.2255355874691234,1,13.0,12.0
Singapore,Sergio Perez,Odds to Finish Top Three,1,0.6363636363636364,0.7079509973119285,0.11249442434731627,1,1.5714285714285714,0.5714285714285714
Singapore,Sergio Perez,Odds to Finish Top Six,1,0.8461538461538461,0.9161734844749496,0.0827504816522131,1,1.1818181818181819,0.18181818181818188
Singapore,Sergio Perez,Odds to Finish Top Ten,1,0.8571428571428571,0.9616586245707331,0.1219350619991888,1,1.1666666666666667,0.16666666666666674
Singapore,Lando Norris,Odds to Win,4,0.004975124378109453,0.0137790209389921,1.7695832087374121,0,0.0,-1.0
Singapore,Lando Norris,Odds to Finish Top Three,4,0.10526315789473684,0.1260953359840889,0.19790569184884466,0,0.0,-1.0
Singapore,Fernando Alonso,Odds to Win,\N,0.004975124378109453,0.0451501768093014,8.075185538669581,0,0.0,-1.0
Singapore,Fernando Alonso,Odds to Finish Top Three,\N,0.043478260869565216,0.132369631549042,2.044501525627966,0,0.0,-1.0
Singapore,Fernando Alonso,Odds to Finish Top Six,\N,0.4444444444444444,0.4651724521306992,0.04663801729407324,0,0.0,-1.0
Singapore,Pierre Gasly,Odds to Win,10,0.001996007984031936,0.0021044517692531,0.0543303363958032,0,0.0,-1.0
Singapore,Pierre Gasly,Odds to Finish Top Three,10,0.024390243902439025,0.03267236197558,0.33956684099878,0,0.0,-1.0
Singapore,Pierre Gasly,Odds to Finish Top Six,10,0.1111111111111111,0.171083719919296,0.539753479273664,0,0.0,-1.0
Singapore,Sebastian Vettel,Odds to Finish Top Six,8,0.09090909090909091,0.0921878548337477,0.01406640317122454,0,0.0,-1.0
Singapore,Lance Stroll,Odds to Finish Top Three,6,0.006622516556291391,0.0066541401877191,0.004775168345584113,0,0.0,-1.0
Singapore,Lance Stroll,Odds to Finish Top Six,6,0.058823529411764705,0.0622424175097172,0.05812109766519247,1,17.0,16.0
Singapore,Kevin Magnussen,Odds to Finish Top Six,12,0.043478260869565216,0.051512342906504735,0.184783886849609,0,0.0,-1.0
Singapore,Yuki Tsunoda,Odds to Finish Top Six,\N,0.047619047619047616,0.06670509701424131,0.4008070372990675,0,0.0,-1.0
Singapore,Nicholas Latifi,Odds to Finish Top Six,\N,0.009900990099009901,0.016947905731514206,0.7117384788829348,0,0.0,-1.0
Singapore,Nicholas Latifi,Odds to Finish Top Ten,\N,0.05263157894736842,0.1559619333944365,1.9632767344942939,0,0.0,-1.0
Singapore,Mick Schumacher,Odds to Finish Top Six,13,0.034482758620689655,0.053504041710082786,0.5516172095924008,0,0.0,-1.0
UnitedStates,Max Verstappen,Odds to Finish Top Three,1,0.8,0.9424594917453736,0.1780743646817169,1,1.25,0.25
UnitedStates,Max Verstappen,Odds to Finish Top Six,1,0.8571428571428571,0.9714443899333776,0.13335178825560723,1,1.1666666666666667,0.16666666666666674
UnitedStates,Max Verstappen,Odds to Finish Top Ten,1,0.8823529411764706,0.9739706036191423,0.10383335076836131,1,1.1333333333333333,0.1333333333333333
UnitedStates,Lewis Hamilton,Odds to Finish Top Ten,2,0.875,0.9228630807030845,0.05470066366066795,1,1.1428571428571428,0.1428571428571428
UnitedStates,Carlos Sainz,Odds to Win,\N,0.058823529411764705,0.1705207583572684,1.8988528920735628,0,0.0,-1.0
UnitedStates,Carlos Sainz,Odds to Finish Top Three,\N,0.45454545454545453,0.5859248491291451,0.2890346680841194,0,0.0,-1.0
UnitedStates,Carlos Sainz,Odds to Finish Top Six,\N,0.8333333333333334,0.910953524655265,0.09314422958631807,0,0.0,-1.0
UnitedStates,Carlos Sainz,Odds to Finish Top Ten,\N,0.8571428571428571,0.9632948928467117,0.12384404165449703,0,0.0,-1.0
UnitedStates,George Russell,Odds to Finish Top Ten,5,0.875,0.923786586408812,0.055756098752927974,1,1.1428571428571428,0.1428571428571428
UnitedStates,Lando Norris,Odds to Win,6,0.004975124378109453,0.0135615423473883,1.7258700118250485,0,0.0,-1.0
UnitedStates,Lando Norris,Odds to Finish Top Three,6,0.06666666666666667,0.12792392042601158,0.9188588063901737,0,0.0,-1.0
UnitedStates,Pierre Gasly,Odds to Finish Top Six,14,0.07692307692307693,0.0892914560125123,0.16078892816265977,0,0.0,-1.0
UnitedStates,Sebastian Vettel,Odds to Finish Top Six,8,0.10526315789473684,0.15761871911604441,0.497377831602422,0,0.0,-1.0
UnitedStates,Valtteri Bottas,Odds to Finish Top Three,\N,0.009900990099009901,0.0349562033305611,2.530576536386671,0,0.0,-1.0
UnitedStates,Valtteri Bottas,Odds to Finish Top Six,\N,0.07692307692307693,0.1435543482955205,0.8662065278417663,0,0.0,-1.0
UnitedStates,Lance Stroll,Odds to Win,\N,0.0011098779134295228,0.0086813871216107,6.82192979657124,0,0.0,-1.0
UnitedStates,Lance Stroll,Odds to Finish Top Three,\N,0.009900990099009901,0.036423115408247,2.6787346562329466,0,0.0,-1.0
UnitedStates,Lance Stroll,Odds to Finish Top Six,\N,0.05263157894736842,0.1653728598918093,2.142084337944377,0,0.0,-1.0
UnitedStates,Lance Stroll,Odds to Finish Top Ten,\N,0.37735849056603776,0.379954243952348,0.006878746473722108,0,0.0,-1.0
UnitedStates,Nicholas Latifi,Odds to Finish Top Six,17,0.009900990099009901,0.018611719505116937,0.8797836700168107,0,0.0,-1.0
UnitedStates,Nicholas Latifi,Odds to Finish Top Ten,17,0.07692307692307693,0.13783477124648205,0.7918520262042665,0,0.0,-1.0
UnitedStates,Alexander Albon,Odds to Finish Top Three,13,0.007633587786259542,0.013849436009371899,0.8142761172277189,0,0.0,-1.0
UnitedStates,Alexander Albon,Odds to Finish Top Six,13,0.027777777777777776,0.0814284560652692,1.9314244183496916,0,0.0,-1.0
Canadian,Max Verstappen,Odds to Finish Top Three,1,0.782608695652174,0.8786045128017664,0.1226613219133681,1,1.2777777777777777,0.2777777777777777
Canadian,Max Verstappen,Odds to Finish Top Six,1,0.8461538461538461,0.9506646575638756,0.12351277712094388,1,1.1818181818181819,0.18181818181818188
Canadian,Max Verstappen,Odds to Finish Top Ten,1,0.8823529411764706,0.9625773496292195,0.09092099624644878,1,1.1333333333333333,0.1333333333333333
Canadian,Carlos Sainz,Odds to Win,2,0.058823529411764705,0.1117419042472674,0.8996123722035458,0,0.0,-1.0
Canadian,Carlos Sainz,Odds to Finish Top Three,2,0.36363636363636365,0.5009722607392724,0.3776737170329989,1,2.75,1.75
Canadian,Carlos Sainz,Odds to Finish Top Six,2,0.7368421052631579,0.8082393603693234,0.09689627478693907,1,1.3571428571428572,0.3571428571428572
Canadian,Carlos Sainz,Odds to Finish Top Ten,2,0.8333333333333334,0.896785557408395,0.07614266889007393,1,1.2,0.19999999999999996
Canadian,Lewis Hamilton,Odds to Win,3,0.027777777777777776,0.0895914686617102,2.225292871821567,0,0.0,-1.0
Canadian,Lewis Hamilton,Odds to Finish Top Three,3,0.2222222222222222,0.2513933390841922,0.13127002587886505,1,4.5,3.5
Canadian,Lewis Hamilton,Odds to Finish Top Ten,3,0.8181818181818182,0.8327682620581202,0.017827875848813513,1,1.222222222222222,0.2222222222222221
Canadian,Fernando Alonso,Odds to Win,9,0.006622516556291391,0.1921988806661707,28.022030980591776,0,0.0,-1.0
Canadian,Fernando Alonso,Odds to Finish Top Three,9,0.06666666666666667,0.3488704490794183,4.2330567361912745,0,0.0,-1.0
Canadian,Fernando Alonso,Odds to Finish Top Six,9,0.37735849056603776,0.6081792467406909,0.6116750038628307,0,0.0,-1.0
Canadian,Fernando Alonso,Odds to Finish Top Ten,9,0.6666666666666666,0.7622585847434634,0.1433878771151953,1,1.5,0.5
Canadian,Esteban Ocon,Odds to Win,6,0.00398406374501992,0.0044276175036352,0.11133199341243527,0,0.0,-1.0
Canadian,Esteban Ocon,Odds to Finish Top Three,6,0.05263157894736842,0.0659731682332355,0.25349019643147463,0,0.0,-1.0
Canadian,Esteban Ocon,Odds to Finish Top Six,6,0.2,0.2693322781363064,0.3466613906815319,1,5.0,4.0
Canadian,Daniel Ricciardo,Odds to Finish Top Three,11,0.047619047619047616,0.051557404505278695,0.08270549461085275,0,0.0,-1.0
Canadian,Daniel Ricciardo,Odds to Finish Top Six,11,0.18181818181818182,0.2558583994665175,0.40722119706584614,0,0.0,-1.0
Canadian,Lance Stroll,Odds to Finish Top Six,10,0.034482758620689655,0.037773576609780216,0.0954337216836263,0,0.0,-1.0
Canadian,Lance Stroll,Odds to Finish Top Ten,10,0.18181818181818182,0.22043004706646924,0.21236525886558066,1,5.5,4.5
Canadian,Mick Schumacher,Odds to Finish Top Six,\N,0.03225806451612903,0.0964022357247786,1.9884693074681365,0,0.0,-1.0
Canadian,Mick Schumacher,Odds to Finish Top Ten,\N,0.16666666666666666,0.24493987657488073,0.4696392594492844,0,0.0,-1.0
Canadian,Zhou Guanyu,Odds to Finish Top Three,8,0.006622516556291391,0.013146538765996528,0.9851273536654757,0,0.0,-1.0
Canadian,Zhou Guanyu,Odds to Finish Top Six,8,0.03225806451612903,0.07012559527424403,1.1738934535015648,0,0.0,-1.0
Canadian,Zhou Guanyu,Odds to Finish Top Ten,8,0.20833333333333334,0.27497815904081513,0.3198951633959126,1,4.8,3.8
Canadian,Alexander Albon,Odds to Finish Top Three,13,0.0033222591362126247,0.010216652555237203,2.075212419126398,0,0.0,-1.0
Canadian,Alexander Albon,Odds to Finish Top Six,13,0.015151515151515152,0.0706061088295634,3.6600031827511845,0,0.0,-1.0
Canadian,Alexander Albon,Odds to Finish Top Ten,13,0.15384615384615385,0.20226805099676448,0.314742331478969,0,0.0,-1.0
Canadian,Nicholas Latifi,Odds to Finish Top Three,16,0.001996007984031936,0.002039159067252628,0.021618692693566643,0,0.0,-1.0
Canadian,Nicholas Latifi,Odds to Finish Top Six,16,0.006622516556291391,0.02598498167162973,2.923732232416089,0,0.0,-1.0
Canadian,Nicholas Latifi,Odds to Finish Top Ten,16,0.043478260869565216,0.1716844561644139,2.94874249178152,0,0.0,-1.0
Azerbaijan,Max Verstappen,Odds to Finish Top Six,1,0.8333333333333334,0.895126371036166,0.07415164524339923,1,1.2,0.19999999999999996
Azerbaijan,Max Verstappen,Odds to Finish Top Ten,1,0.875,0.924522064260137,0.05659664486872806,1,1.1428571428571428,0.1428571428571428
Azerbaijan,Charles Leclerc,Odds to Finish Top Six,\N,0.8181818181818182,0.8549446571025723,0.0449323586809216,0,0.0,-1.0
Azerbaijan,Charles Leclerc,Odds to Finish Top Ten,\N,0.875,0.9156483903386853,0.046455303244211654,0,0.0,-1.0
Azerbaijan,Sergio Perez,Odds to Win,2,0.15384615384615385,0.2369641694295702,0.5402671012922062,0,0.0,-1.0
Azerbaijan,Sergio Perez,Odds to Finish Top Three,2,0.5833333333333334,0.6684127272299911,0.14585038953712748,1,1.7142857142857142,0.7142857142857142
Azerbaijan,Sergio Perez,Odds to Finish Top Six,2,0.8,0.8754281866858945,0.09428523335736805,1,1.25,0.25
Azerbaijan,Sergio Perez,Odds to Finish Top Ten,2,0.8666666666666667,0.9539381785925367,0.10069789837600385,1,1.1538461538461537,0.15384615384615374
Azerbaijan,Carlos Sainz,Odds to Win,\N,0.08333333333333333,0.0910623574529877,0.09274828943585245,0,0.0,-1.0
Azerbaijan,Carlos Sainz,Odds to Finish Top Three,\N,0.46511627906976744,0.4721010682463952,0.015017296729749718,0,0.0,-1.0
Azerbaijan,Carlos Sainz,Odds to Finish Top Six,\N,0.782608695652174,0.7924652849658608,0.012594530789710845,0,0.0,-1.0
Azerbaijan,Carlos Sainz,Odds to Finish Top Ten,\N,0.8666666666666667,0.8993816329249466,0.037748037990323,0,0.0,-1.0
Azerbaijan,George Russell,Odds to Win,3,0.038461538461538464,0.0533066790019404,0.38597365405045037,0,0.0,-1.0
Azerbaijan,George Russell,Odds to Finish Top Three,3,0.25,0.2687221121812436,0.07488844872497435,1,4.0,3.0
Azerbaijan,Lewis Hamilton,Odds to Win,4,0.027777777777777776,0.0301770833824172,0.08637500176701929,0,0.0,-1.0
Azerbaijan,Fernando Alonso,Odds to Win,7,0.00398406374501992,0.0052920535073432,0.3283054303431432,0,0.0,-1.0
Azerbaijan,Daniel Ricciardo,Odds to Finish Top Three,8,0.024390243902439025,0.0305008541773608,0.2505350212717927,0,0.0,-1.0
Azerbaijan,Daniel Ricciardo,Odds to Finish Top Six,8,0.14285714285714285,0.19635868008033008,0.3745107605623106,0,0.0,-1.0
Azerbaijan,Daniel Ricciardo,Odds to Finish Top Ten,8,0.46511627906976744,0.4819649614912336,0.03622466720615214,1,2.15,1.15
Azerbaijan,Pierre Gasly,Odds to Win,5,0.0033222591362126247,0.0067245449045462,1.024088016268406,0,0.0,-1.0
Azerbaijan,Pierre Gasly,Odds to Finish Top Three,5,0.03225806451612903,0.0660155530701037,1.046482145173215,0,0.0,-1.0
Azerbaijan,Pierre Gasly,Odds to Finish Top Six,5,0.14285714285714285,0.2445200969906467,0.7116406789345269,1,7.0,6.0
Azerbaijan,Yuki Tsunoda,Odds to Finish Top Three,13,0.009900990099009901,0.0153533323499602,0.5506865673459802,0,0.0,-1.0
Azerbaijan,Yuki Tsunoda,Odds to Finish Top Six,13,0.06666666666666667,0.12739534393570962,0.9109301590356442,0,0.0,-1.0
Azerbaijan,Sebastian Vettel,Odds to Win,6,0.001996007984031936,0.0035730026266092,0.7900743159312094,0,0.0,-1.0
Azerbaijan,Sebastian Vettel,Odds to Finish Top Three,6,0.015151515151515152,0.028600882804590298,0.8876582651029596,0,0.0,-1.0
Azerbaijan,Sebastian Vettel,Odds to Finish Top Six,6,0.08333333333333333,0.1739774569288605,1.087729483146326,1,12.0,11.0
Azerbaijan,Zhou Guanyu,Odds to Finish Top Six,\N,0.03225806451612903,0.04533969614599699,0.40553058052590685,0,0.0,-1.0
Azerbaijan,Zhou Guanyu,Odds to Finish Top Ten,\N,0.18181818181818182,0.2683089169121525,0.47569904301683863,0,0.0,-1.0
Azerbaijan,Alexander Albon,Odds to Finish Top Six,12,0.0196078431372549,0.03804982427840921,0.9405410381988697,0,0.0,-1.0
Azerbaijan,Alexander Albon,Odds to Finish Top Ten,12,0.15384615384615385,0.172088793703364,0.11857715907186583,0,0.0,-1.0
Azerbaijan,Nicholas Latifi,Odds to Finish Top Six,15,0.006622516556291391,0.02551903614669274,2.8533744581506038,0,0.0,-1.0
Azerbaijan,Nicholas Latifi,Odds to Finish Top Ten,15,0.043478260869565216,0.18310001854354085,3.21130042650144,0,0.0,-1.0
British,Max Verstappen,Odds to Finish Top Three,7,0.782608695652174,0.8674963393848847,0.10846754476957488,0,0.0,-1.0
British,Max Verstappen,Odds to Finish Top Six,7,0.8461538461538461,0.9402441908968356,0.11119768015080567,0,0.0,-1.0
British,Max Verstappen,Odds to Finish Top Ten,7,0.8571428571428571,0.9524143751368016,0.1111501043262686,1,1.1666666666666667,0.16666666666666674
British,Charles Leclerc,Odds to Finish Top Ten,4,0.8461538461538461,0.8543614525772965,0.009699898500441284,1,1.1818181818181819,0.18181818181818188
British,Sergio Perez,Odds to Win,2,0.08333333333333333,0.1228627433186665,0.4743529198239982,0,0.0,-1.0
British,Sergio Perez,Odds to Finish Top Three,2,0.5238095238095238,0.5847441189371942,0.11632968160737067,1,1.909090909090909,0.909090909090909
British,Sergio Perez,Odds to Finish Top Six,2,0.75,0.8311094655650489,0.108145954086732,1,1.3333333333333333,0.33333333333333326
British,Sergio Perez,Odds to Finish Top Ten,2,0.8333333333333334,0.9217333043656181,0.10607996523874164,1,1.2,0.19999999999999996
British,Carlos Sainz,Odds to Win,1,0.05263157894736842,0.2128050956360524,3.043296817084996,1,19.0,18.0
British,Carlos Sainz,Odds to Finish Top Three,1,0.5348837209302325,0.6347260105354706,0.18666167187066263,1,1.8695652173913044,0.8695652173913044
British,Carlos Sainz,Odds to Finish Top Six,1,0.75,0.8930303038899621,0.19070707185328284,1,1.3333333333333333,0.33333333333333326
British,Carlos Sainz,Odds to Finish Top Ten,1,0.8181818181818182,0.9494577393240631,0.16044834806274366,1,1.222222222222222,0.2222222222222221
British,Lando Norris,Odds to Win,6,0.009900990099009901,0.0208867249611329,1.1095592210744232,0,0.0,-1.0
British,Lando Norris,Odds to Finish Top Three,6,0.06666666666666667,0.15806817995997802,1.3710226993996701,0,0.0,-1.0
British,Fernando Alonso,Odds to Win,5,0.006622516556291391,0.0236286703627058,2.5679292247685757,0,0.0,-1.0
British,Fernando Alonso,Odds to Finish Top Three,5,0.047619047619047616,0.0952175270932882,0.9995680689590525,0,0.0,-1.0
British,Yuki Tsunoda,Odds to Finish Top Six,14,0.05263157894736842,0.058343923488714894,0.10853454628558312,0,0.0,-1.0
British,Zhou Guanyu,Odds to Finish Top Three,\N,0.004975124378109453,0.018836944314783916,2.786225807271567,0,0.0,-1.0
British,Zhou Guanyu,Odds to Finish Top Six,\N,0.047619047619047616,0.08885649297295312,0.8659863524320155,0,0.0,-1.0
British,Alexander Albon,Odds to Finish Top Six,\N,0.015151515151515152,0.036374768772651805,1.4007347389950189,0,0.0,-1.0
British,Alexander Albon,Odds to Finish Top Ten,\N,0.15384615384615385,0.15728514532237642,0.022353444595446748,0,0.0,-1.0
British,Nicholas Latifi,Odds to Finish Top Three,12,0.001996007984031936,0.01708654421972616,7.5603586540828065,0,0.0,-1.0
British,Nicholas Latifi,Odds to Finish Top Six,12,0.004975124378109453,0.08403640940603076,15.891318290612183,0,0.0,-1.0
British,Nicholas Latifi,Odds to Finish Top Ten,12,0.043478260869565216,0.2803853794491957,5.448863727331502,0,0.0,-1.0
Spanish,Max Verstappen,Odds to Finish Top Three,1,0.7297297297297297,0.7621271074121441,0.04439640645367904,1,1.3703703703703705,0.37037037037037046
Spanish,Max Verstappen,Odds to Finish Top Six,1,0.7916666666666666,0.8813721675453079,0.11331221163617844,1,1.2631578947368423,0.26315789473684226
Spanish,Max Verstappen,Odds to Finish Top Ten,1,0.8461538461538461,0.9126685367523074,0.07860827070727239,1,1.1818181818181819,0.18181818181818188
Spanish,Charles Leclerc,Odds to Finish Top Six,\N,0.8,0.8497538693836698,0.06219233672958713,0,0.0,-1.0
Spanish,Charles Leclerc,Odds to Finish Top Ten,\N,0.8461538461538461,0.9037453843351941,0.06806272694159299,0,0.0,-1.0
Spanish,Carlos Sainz,Odds to Win,4,0.07142857142857142,0.1287167859287297,0.8020350030022159,0,0.0,-1.0
Spanish,Carlos Sainz,Odds to Finish Top Six,4,0.75,0.8045304103919841,0.07270721385597878,1,1.3333333333333333,0.33333333333333326
Spanish,Carlos Sainz,Odds to Finish Top Ten,4,0.7916666666666666,0.8907955713317688,0.12521545852433968,1,1.2631578947368423,0.26315789473684226
Spanish,Sergio Perez,Odds to Win,2,0.05263157894736842,0.0699844085307829,0.3297037620848753,0,0.0,-1.0
Spanish,Sergio Perez,Odds to Finish Top Ten,2,0.7916666666666666,0.853896258624123,0.07860580036731335,1,1.2631578947368423,0.26315789473684226
Spanish,Lewis Hamilton,Odds to Win,5,0.034482758620689655,0.0504654847991169,0.46349905917439016,0,0.0,-1.0
Spanish,George Russell,Odds to Win,3,0.034482758620689655,0.08136127860474,1.3594770795374602,0,0.0,-1.0
Spanish,George Russell,Odds to Finish Top Three,3,0.19607843137254902,0.3122621460631675,0.5925369449221543,1,5.1,4.1
Spanish,George Russell,Odds to Finish Top Ten,3,0.7674418604651163,0.8252117992835412,0.07527598088461418,1,1.303030303030303,0.303030303030303
Spanish,Daniel Ricciardo,Odds to Finish Top Three,12,0.043478260869565216,0.0608042060933776,0.39849674014768466,0,0.0,-1.0
Spanish,Daniel Ricciardo,Odds to Finish Top Six,12,0.25,0.2591645749956466,0.036658299982586406,0,0.0,-1.0
Spanish,Daniel Ricciardo,Odds to Finish Top Ten,12,0.4444444444444444,0.5167484937534716,0.1626841109453112,0,0.0,-1.0
Spanish,Zhou Guanyu,Odds to Finish Top Six,\N,0.03225806451612903,0.03406138310841274,0.05590287636079494,0,0.0,-1.0
Spanish,Mick Schumacher,Odds to Finish Top Six,14,0.043478260869565216,0.06043604770056475,0.3900290971129894,0,0.0,-1.0
Spanish,Alexander Albon,Odds to Finish Top Six,18,0.030303030303030304,0.030322834672197735,0.0006535441825252786,0,0.0,-1.0
Spanish,Lance Stroll,Odds to Finish Top Six,15,0.030303030303030304,0.032333124135023754,0.06699309645578388,0,0.0,-1.0
Spanish,Yuki Tsunoda,Odds to Finish Top Six,10,0.05263157894736842,0.058835318503040815,0.11787105155777544,0,0.0,-1.0
Spanish,Nicholas Latifi,Odds to Finish Top Six,16,0.009900990099009901,0.019014358755350035,0.9204502342903536,0,0.0,-1.0
Spanish,Nicholas Latifi,Odds to Finish Top Ten,16,0.05263157894736842,0.1590231085234503,2.0214390619455562,0,0.0,-1.0
Spanish,Sebastian Vettel,Odds to Finish Top Six,11,0.030303030303030304,0.06358553779544569,1.098322747249708,0,0.0,-1.0
Australian,Sergio Perez,Odds to Win,2,0.058823529411764705,0.1417302708050052,1.4094146036850885,0,0.0,-1.0
Australian,Lewis Hamilton,Odds to Win,4,0.05263157894736842,0.0946938977757731,0.7991840577396889,0,0.0,-1.0
Australian,George Russell,Odds to Win,3,0.034482758620689655,0.0392769622024659,0.1390319038715111,0,0.0,-1.0
Australian,Lando Norris,Odds to Win,5,0.0070921985815602835,0.0398321844086466,4.616338001619171,0,0.0,-1.0
Australian,Lando Norris,Odds to Finish Top Three,5,0.047619047619047616,0.1598382917540255,2.3566041268345357,0,0.0,-1.0
Australian,Lando Norris,Odds to Finish Top Six,5,0.09090909090909091,0.30291023330071765,2.332012566307894,1,11.0,10.0
Australian,Nicholas Latifi,Odds to Finish Top Six,16,0.009900990099009901,0.015151559839536683,0.530307543793205,0,0.0,-1.0
Australian,Nicholas Latifi,Odds to Finish Top Ten,16,0.043478260869565216,0.11615797262919139,1.671633370471402,0,0.0,-1.0
Australian,Sebastian Vettel,Odds to Finish Top Six,\N,0.014084507042253521,0.04474406287522266,2.176828464140809,0,0.0,-1.0
Australian,Daniel Ricciardo,Odds to Finish Top Three,6,0.034482758620689655,0.0524572427614323,0.5212600400815368,0,0.0,-1.0
Australian,Daniel Ricciardo,Odds to Finish Top Six,6,0.058823529411764705,0.1710761216956963,1.9082940688268373,1,17.0,16.0
Australian,Daniel Ricciardo,Odds to Finish Top Ten,6,0.2702702702702703,0.3308330741092048,0.22408237420405785,1,3.6999999999999997,2.6999999999999997
Hungarian,Charles Leclerc,Odds to Finish Top Ten,6,0.8461538461538461,0.8757769913544444,0.035009171600707045,1,1.1818181818181819,0.18181818181818188
Hungarian,Carlos Sainz,Odds to Win,4,0.13333333333333333,0.1785959416729309,0.3394695625469819,0,0.0,-1.0
Hungarian,Carlos Sainz,Odds to Finish Top Three,4,0.5833333333333334,0.6225190714633535,0.06717555108003448,0,0.0,-1.0
Hungarian,Carlos Sainz,Odds to Finish Top Six,4,0.8181818181818182,0.8890656145263625,0.08663575108777621,1,1.222222222222222,0.2222222222222221
Hungarian,Carlos Sainz,Odds to Finish Top Ten,4,0.8461538461538461,0.9454326464688321,0.11732949128134695,1,1.1818181818181819,0.18181818181818188
Hungarian,Lewis Hamilton,Odds to Finish Top Ten,2,0.8333333333333334,0.8385837237742125,0.006300468529055081,1,1.2,0.19999999999999996
Hungarian,George Russell,Odds to Win,3,0.038461538461538464,0.17244837822975,3.4836578339735,0,0.0,-1.0
Hungarian,George Russell,Odds to Finish Top Three,3,0.3448275862068966,0.4309789118556847,0.24983884438148563,1,2.9,1.9
Hungarian,George Russell,Odds to Finish Top Six,3,0.8,0.8042404377139827,0.005300547142478296,1,1.25,0.25
Hungarian,George Russell,Odds to Finish Top Ten,3,0.8333333333333334,0.9448940291269105,0.1338728349522924,1,1.2,0.19999999999999996
Hungarian,Fernando Alonso,Odds to Win,8,0.004975124378109453,0.0379670102156576,6.631369053347178,0,0.0,-1.0
Hungarian,Fernando Alonso,Odds to Finish Top Three,8,0.004524886877828055,0.11957476001548639,25.42602196342249,0,0.0,-1.0
Hungarian,Lando Norris,Odds to Win,7,0.004975124378109453,0.0476919857903638,8.586089143863123,0,0.0,-1.0
Hungarian,Lando Norris,Odds to Finish Top Three,7,0.043478260869565216,0.2195557036999064,4.049781185097848,0,0.0,-1.0
Hungarian,Lando Norris,Odds to Finish Top Six,7,0.47619047619047616,0.5317675238418682,0.11671180006792325,0,0.0,-1.0
Hungarian,Daniel Ricciardo,Odds to Finish Top Three,15,0.024390243902439025,0.042016147047846,0.7226620289616861,0,0.0,-1.0
Hungarian,Daniel Ricciardo,Odds to Finish Top Six,15,0.16666666666666666,0.24424096644319002,0.46544579865914026,0,0.0,-1.0
Hungarian,Esteban Ocon,Odds to Win,9,0.0033222591362126247,0.0136114803160277,3.0970555751243376,0,0.0,-1.0
Hungarian,Esteban Ocon,Odds to Finish Top Three,9,0.027777777777777776,0.10853449957323419,2.907241984636431,0,0.0,-1.0
Hungarian,Esteban Ocon,Odds to Finish Top Six,9,0.25,0.39587595418348176,0.583503816733927,0,0.0,-1.0
Hungarian,Esteban Ocon,Odds to Finish Top Ten,9,0.6363636363636364,0.647492610961012,0.017488388653018827,1,1.5714285714285714,0.5714285714285714
Hungarian,Valtteri Bottas,Odds to Finish Top Three,20,0.017857142857142856,0.0405852953797595,1.2727765412665324,0,0.0,-1.0
Hungarian,Valtteri Bottas,Odds to Finish Top Six,20,0.125,0.1619344703545638,0.29547576283651034,0,0.0,-1.0
Hungarian,Alexander Albon,Odds to Finish Top Six,17,0.027777777777777776,0.031181857990444626,0.12254688765600652,0,0.0,-1.0
Hungarian,Zhou Guanyu,Odds to Finish Top Three,13,0.00398406374501992,0.006671783048475037,0.6746175451672343,0,0.0,-1.0
Hungarian,Zhou Guanyu,Odds to Finish Top Six,13,0.024390243902439025,0.05092787089659404,1.0880427067603557,0,0.0,-1.0
Hungarian,Zhou Guanyu,Odds to Finish Top Ten,13,0.23255813953488372,0.2685029233320525,0.15456257032782572,0,0.0,-1.0
Hungarian,Lance Stroll,Odds to Finish Top Six,11,0.038461538461538464,0.04718188068623063,0.22672889784199635,0,0.0,-1.0
Hungarian,Nicholas Latifi,Odds to Finish Top Six,18,0.006622516556291391,0.01841451587129444,1.7805918965654604,0,0.0,-1.0
Hungarian,Nicholas Latifi,Odds to Finish Top Ten,18,0.05263157894736842,0.16382752397739656,2.112722955570535,0,0.0,-1.0
Bahrain,Max Verstappen,Odds to Win,19,0.3508771929824561,0.3752938823971216,0.06958756483179651,0,0.0,-1.0
Bahrain,Max Verstappen,Odds to Finish Top Six,19,0.8,0.8567406350003062,0.07092579375038266,0,0.0,-1.0
Bahrain,Max Verstappen,Odds to Finish Top Ten,19,0.8461538461538461,0.9041207516614496,0.06850634287262225,0,0.0,-1.0
Bahrain,Charles Leclerc,Odds to Win,1,0.16666666666666666,0.1883636853025918,0.13018211181555084,1,6.0,5.0
Bahrain,Charles Leclerc,Odds to Finish Top Three,1,0.5121951219512195,0.5709339754743981,0.11468061878334868,1,1.9523809523809523,0.9523809523809523
Bahrain,Charles Leclerc,Odds to Finish Top Six,1,0.7297297297297297,0.7853059559505617,0.07616001371002912,1,1.3703703703703705,0.37037037037037046
Bahrain,Charles Leclerc,Odds to Finish Top Ten,1,0.8148148148148148,0.8545360082506791,0.04874873739856067,1,1.2272727272727273,0.2272727272727273
Bahrain,Carlos Sainz,Odds to Win,2,0.10526315789473684,0.1903617181848752,0.8084363227563147,0,0.0,-1.0
Bahrain,Carlos Sainz,Odds to Finish Top Three,2,0.38461538461538464,0.5737070448368976,0.4916383165759337,1,2.5999999999999996,1.5999999999999996
Bahrain,Carlos Sainz,Odds to Finish Top Six,2,0.7142857142857143,0.782167293556296,0.09503421097881426,1,1.4,0.3999999999999999
Bahrain,Carlos Sainz,Odds to Finish Top Ten,2,0.7916666666666666,0.8597922310747433,0.08605334451546542,1,1.2631578947368423,0.26315789473684226
Bahrain,Sergio Perez,Odds to Win,18,0.043478260869565216,0.1360124326916835,2.1282859519087207,0,0.0,-1.0
Bahrain,Sergio Perez,Odds to Finish Top Three,18,0.36363636363636365,0.42919231120325574,0.1802788558089532,0,0.0,-1.0
Bahrain,Sergio Perez,Odds to Finish Top Ten,18,0.8148148148148148,0.8403056788126118,0.03128424217911441,0,0.0,-1.0
Bahrain,Pierre Gasly,Odds to Finish Top Three,\N,0.058823529411764705,0.059159955641321,0.005719245902457093,0,0.0,-1.0
Bahrain,Fernando Alonso,Odds to Win,9,0.0196078431372549,0.0388415667856237,0.9809199060668086,0,0.0,-1.0
Bahrain,Fernando Alonso,Odds to Finish Top Three,9,0.05263157894736842,0.15065199151156772,1.862387838719787,0,0.0,-1.0
Bahrain,Fernando Alonso,Odds to Finish Top Six,9,0.2702702702702703,0.4177467664340272,0.5456630358059005,0,0.0,-1.0
Bahrain,Fernando Alonso,Odds to Finish Top Ten,9,0.6,0.6347878261403029,0.05797971023383819,1,1.6666666666666667,0.6666666666666667
Bahrain,Esteban Ocon,Odds to Finish Top Three,7,0.0196078431372549,0.0468401448892343,1.3888473893509494,0,0.0,-1.0
Bahrain,Kevin Magnussen,Odds to Finish Top Six,5,0.07142857142857142,0.10285824171388053,0.4400153839943275,1,14.0,13.0
Bahrain,Kevin Magnussen,Odds to Finish Top Ten,5,0.3125,0.3889093836229076,0.2445100275933043,1,3.2,2.2
Bahrain,Valtteri Bottas,Odds to Finish Top Three,6,0.009900990099009901,0.1408203883779665,13.222859226174617,0,0.0,-1.0
Bahrain,Valtteri Bottas,Odds to Finish Top Six,6,0.058823529411764705,0.3234977809688814,4.499462276470983,1,17.0,16.0
Bahrain,Valtteri Bottas,Odds to Finish Top Ten,6,0.2857142857142857,0.5583477522767787,0.9542171329687255,1,3.5,2.5
Bahrain,Alexander Albon,Odds to Finish Top Three,13,0.013157894736842105,0.0238591241751615,0.813293437312274,0,0.0,-1.0
Bahrain,Alexander Albon,Odds to Finish Top Six,13,0.05263157894736842,0.1435905406546173,1.7282202724377287,0,0.0,-1.0
Bahrain,Alexander Albon,Odds to Finish Top Ten,13,0.3125,0.34175925389507067,0.09362961246422619,0,0.0,-1.0
Bahrain,Nicholas Latifi,Odds to Finish Top Six,16,0.014084507042253521,0.04668559568159742,2.3146772933934168,0,0.0,-1.0
Bahrain,Nicholas Latifi,Odds to Finish Top Ten,16,0.13333333333333333,0.2711852139568036,1.0338891046760272,0,0.0,-1.0
Bahrain,Zhou Guanyu,Odds to Finish Top Three,10,0.009900990099009901,0.01161851120149302,0.17346963135079507,0,0.0,-1.0
Bahrain,Zhou Guanyu,Odds to Finish Top Six,10,0.014084507042253521,0.06729371229400592,3.7778535728744203,0,0.0,-1.0
Bahrain,Zhou Guanyu,Odds to Finish Top Ten,10,0.16666666666666666,0.2955104613309077,0.7730627679854463,1,6.0,5.0
Italian,Charles Leclerc,Odds to Win,2,0.13333333333333333,0.1409659040978801,0.057244280734100705,0,0.0,-1.0
Italian,Charles Leclerc,Odds to Finish Top Six,2,0.8461538461538461,0.8850560300160489,0.045975308200785214,1,1.1818181818181819,0.18181818181818188
Italian,Charles Leclerc,Odds to Finish Top Ten,2,0.8571428571428571,0.9335488646584641,0.08914034210154154,1,1.1666666666666667,0.16666666666666674
Italian,George Russell,Odds to Win,3,0.08333333333333333,0.0875648226330474,0.05077787159656899,0,0.0,-1.0
Italian,George Russell,Odds to Finish Top Ten,3,0.8666666666666667,0.9462073668975309,0.09177773103561249,1,1.1538461538461537,0.15384615384615374
Italian,Lando Norris,Odds to Win,7,0.006622516556291391,0.0566955865734732,7.561033572594454,0,0.0,-1.0
Italian,Lando Norris,Odds to Finish Top Three,7,0.05263157894736842,0.26285079936243017,3.994165187886173,0,0.0,-1.0
Italian,Lando Norris,Odds to Finish Top Six,7,0.5,0.5917389341128692,0.1834778682257383,0,0.0,-1.0
Italian,Daniel Ricciardo,Odds to Win,\N,0.0033222591362126247,0.0136460578283793,3.1074634063421698,0,0.0,-1.0
Italian,Daniel Ricciardo,Odds to Finish Top Three,\N,0.015151515151515152,0.1194070537345475,6.880865546480135,0,0.0,-1.0
Italian,Daniel Ricciardo,Odds to Finish Top Six,\N,0.10526315789473684,0.40736431197911027,2.8699609638015477,0,0.0,-1.0
Italian,Daniel Ricciardo,Odds to Finish Top Ten,\N,0.4,0.653381426150426,0.6334535653760651,0,0.0,-1.0
Italian,Valtteri Bottas,Odds to Finish Top Six,13,0.047619047619047616,0.054292619162847514,0.14014500241979788,0,0.0,-1.0
Italian,Sebastian Vettel,Odds to Finish Top Three,\N,0.007633587786259542,0.013859887198823601,0.8156452230458919,0,0.0,-1.0
Italian,Sebastian Vettel,Odds to Finish Top Six,\N,0.07692307692307693,0.13097274541196768,0.7026456903555798,0,0.0,-1.0
Italian,Pierre Gasly,Odds to Win,8,0.001996007984031936,0.0060662584646675,2.0391954907984178,0,0.0,-1.0
Italian,Pierre Gasly,Odds to Finish Top Three,8,0.009900990099009901,0.061040884066617895,5.165129290728407,0,0.0,-1.0
Italian,Pierre Gasly,Odds to Finish Top Six,8,0.07692307692307693,0.2372543981672677,2.08430717617448,0,0.0,-1.0
Italian,Pierre Gasly,Odds to Finish Top Ten,8,0.37735849056603776,0.4418524944202801,0.1709091102137421,1,2.65,1.65
Italian,Nicholas Latifi,Odds to Finish Top Three,15,0.0033222591362126247,0.0082062813448977,1.4700906848142075,0,0.0,-1.0
Italian,Nicholas Latifi,Odds to Finish Top Six,15,0.009900990099009901,0.060962352748445296,5.157197627592975,0,0.0,-1.0
Italian,Nicholas Latifi,Odds to Finish Top Ten,15,0.05263157894736842,0.2206625444241271,3.1925883440584153,0,0.0,-1.0
Italian,Zhou Guanyu,Odds to Finish Top Three,10,0.00398406374501992,0.014302653639898159,2.589966063614438,0,0.0,-1.0
Italian,Zhou Guanyu,Odds to Finish Top Six,10,0.038461538461538464,0.07839572611253436,1.038288878925893,0,0.0,-1.0
Italian,Zhou Guanyu,Odds to Finish Top Ten,10,0.19047619047619047,0.29118478537166426,0.5287201232012375,1,5.25,4.25
Dutch,Max Verstappen,Odds to Finish Top Three,1,0.8,0.9430034769582368,0.17875434619779607,1,1.25,0.25
Dutch,Max Verstappen,Odds to Finish Top Six,1,0.875,0.9808857461622484,0.1210122813282839,1,1.1428571428571428,0.1428571428571428
Dutch,Max Verstappen,Odds to Finish Top Ten,1,0.8888888888888888,0.9844280461231899,0.10748155188858877,1,1.125,0.125
Dutch,Charles Leclerc,Odds to Finish Top Six,3,0.8181818181818182,0.8723294817630862,0.06618047771043867,1,1.222222222222222,0.2222222222222221
Dutch,Charles Leclerc,Odds to Finish Top Ten,3,0.8461538461538461,0.9254272282188549,0.09368672425864677,1,1.1818181818181819,0.18181818181818188
Dutch,Carlos Sainz,Odds to Win,8,0.1,0.1261248094458526,0.26124809445852604,0,0.0,-1.0
Dutch,Carlos Sainz,Odds to Finish Top Three,8,0.5121951219512195,0.5799051396868418,0.13219574891240526,0,0.0,-1.0
Dutch,Carlos Sainz,Odds to Finish Top Six,8,0.8181818181818182,0.8962566675779291,0.09542481592857999,0,0.0,-1.0
Dutch,Carlos Sainz,Odds to Finish Top Ten,8,0.8461538461538461,0.951758780447683,0.12480583143817081,1,1.1818181818181819,0.18181818181818188
Dutch,Lewis Hamilton,Odds to Win,4,0.07692307692307693,0.0792492359811112,0.030240067754445432,0,0.0,-1.0
Dutch,Lewis Hamilton,Odds to Finish Top Ten,4,0.8461538461538461,0.9203276288294684,0.08765992498028075,1,1.1818181818181819,0.18181818181818188
Dutch,Sergio Perez,Odds to Finish Top Three,5,0.5121951219512195,0.5937713679188673,0.159267908793979,0,0.0,-1.0
Dutch,Sergio Perez,Odds to Finish Top Six,5,0.8181818181818182,0.8719551048413003,0.06572290591714469,1,1.222222222222222,0.2222222222222221
Dutch,Sergio Perez,Odds to Finish Top Ten,5,0.8461538461538461,0.9438229429236583,0.11542711436432351,1,1.1818181818181819,0.18181818181818188
Dutch,George Russell,Odds to Finish Top Ten,2,0.8461538461538461,0.9073591347855834,0.07233352292841677,1,1.1818181818181819,0.18181818181818188
Dutch,Lando Norris,Odds to Win,7,0.006622516556291391,0.012762121048629,0.927080278342979,0,0.0,-1.0
Dutch,Lando Norris,Odds to Finish Top Three,7,0.05263157894736842,0.1385919572270819,1.6332471873145562,0,0.0,-1.0
Dutch,Esteban Ocon,Odds to Finish Top Three,9,0.024390243902439025,0.028138145575621998,0.1536639686005019,0,0.0,-1.0
Dutch,Pierre Gasly,Odds to Finish Top Three,11,0.012345679012345678,0.0178697229472428,0.44744755872666686,0,0.0,-1.0
Dutch,Pierre Gasly,Odds to Finish Top Six,11,0.11764705882352941,0.1363245788787687,0.15875892046953388,0,0.0,-1.0
Dutch,Yuki Tsunoda,Odds to Finish Top Three,\N,0.004975124378109453,0.0095888436290287,0.9273575694347689,0,0.0,-1.0
Dutch,Yuki Tsunoda,Odds to Finish Top Six,\N,0.027777777777777776,0.1063187094510222,2.8274735402367996,0,0.0,-1.0
Dutch,Yuki Tsunoda,Odds to Finish Top Ten,\N,0.23255813953488372,0.2805485631597966,0.20635882158712526,0,0.0,-1.0
Dutch,Alexander Albon,Odds to Finish Top Six,12,0.027777777777777776,0.05069841810230026,0.8251430516828095,0,0.0,-1.0
Dutch,Nicholas Latifi,Odds to Finish Top Six,18,0.009900990099009901,0.020403895979916813,1.0607934939715982,0,0.0,-1.0
Dutch,Nicholas Latifi,Odds to Finish Top Ten,18,0.058823529411764705,0.16231296788215943,1.7593204539967102,0,0.0,-1.0
Dutch,Mick Schumacher,Odds to Win,13,0.00011109876680368848,0.0002802310899924,1.5223600410215923,0,0.0,-1.0
Dutch,Mick Schumacher,Odds to Finish Top Six,13,0.034482758620689655,0.1127016960579705,2.2683491856811444,0,0.0,-1.0
Dutch,Mick Schumacher,Odds to Finish Top Ten,13,0.23255813953488372,0.2741505641578974,0.17884742587895874,0,0.0,-1.0
Dutch,Zhou Guanyu,Odds to Finish Top Six,16,0.027777777777777776,0.04455789562656893,0.6040842425564816,0,0.0,-1.0
Dutch,Zhou Guanyu,Odds to Finish Top Ten,16,0.23255813953488372,0.24928981653833482,0.07194621111483968,0,0.0,-1.0
Japanese,Max Verstappen,Odds to Finish Top Three,1,0.8,0.9550212628339478,0.1937765785424348,1,1.25,0.25
Japanese,Max Verstappen,Odds to Finish Top Six,1,0.8571428571428571,0.9816985520236345,0.14531497736090704,1,1.1666666666666667,0.16666666666666674
Japanese,Max Verstappen,Odds to Finish Top Ten,1,0.875,0.9838941956429487,0.12445050930622714,1,1.1428571428571428,0.1428571428571428
Japanese,Charles Leclerc,Odds to Finish Top Six,3,0.8571428571428571,0.872154391409485,0.017513456644399295,1,1.1666666666666667,0.16666666666666674
Japanese,Charles Leclerc,Odds to Finish Top Ten,3,0.875,0.9283560887698404,0.06097838716553183,1,1.1428571428571428,0.1428571428571428
Japanese,Sergio Perez,Odds to Win,2,0.09090909090909091,0.1023814797730149,0.12619627750316376,0,0.0,-1.0
Japanese,Sergio Perez,Odds to Finish Top Three,2,0.5,0.6809051507927508,0.36181030158550165,1,2.0,1.0
Japanese,Sergio Perez,Odds to Finish Top Six,2,0.8461538461538461,0.8991636185368984,0.06264791281633442,1,1.1818181818181819,0.18181818181818188
Japanese,Sergio Perez,Odds to Finish Top Ten,2,0.8571428571428571,0.9479452678101721,0.10593614577853416,1,1.1666666666666667,0.16666666666666674
Japanese,Lewis Hamilton,Odds to Finish Top Ten,5,0.875,0.8800101805663075,0.005725920647208671,1,1.1428571428571428,0.1428571428571428
Japanese,Carlos Sainz,Odds to Win,\N,0.07692307692307693,0.0907388034915945,0.1796044453907284,0,0.0,-1.0
Japanese,Carlos Sainz,Odds to Finish Top Three,\N,0.47619047619047616,0.4997179577032514,0.04940771117682807,0,0.0,-1.0
Japanese,Carlos Sainz,Odds to Finish Top Six,\N,0.8181818181818182,0.8754368109041036,0.06997832443834873,0,0.0,-1.0
Japanese,Carlos Sainz,Odds to Finish Top Ten,\N,0.8333333333333334,0.9446508626657938,0.1335810351989526,0,0.0,-1.0
Japanese,George Russell,Odds to Finish Top Ten,8,0.8461538461538461,0.8724315714250174,0.031055493502293308,1,1.1818181818181819,0.18181818181818188
Japanese,Lando Norris,Odds to Finish Top Three,10,0.06666666666666667,0.0691217259579064,0.03682588936859599,0,0.0,-1.0
Japanese,Fernando Alonso,Odds to Win,7,0.006622516556291391,0.0171845927497441,1.5948735052113587,0,0.0,-1.0
Japanese,Fernando Alonso,Odds to Finish Top Three,7,0.038461538461538464,0.0814942172658463,1.1188496489120037,0,0.0,-1.0
Japanese,Daniel Ricciardo,Odds to Finish Top Six,11,0.18181818181818182,0.2143205271990659,0.17876289959486247,0,0.0,-1.0
Japanese,Daniel Ricciardo,Odds to Finish Top Ten,11,0.45454545454545453,0.49739370300339425,0.09426614660746746,0,0.0,-1.0
Japanese,Esteban Ocon,Odds to Win,4,0.001996007984031936,0.0093199281095068,3.6692839828629067,0,0.0,-1.0
Japanese,Esteban Ocon,Odds to Finish Top Three,4,0.027777777777777776,0.0943982432881611,2.3983367583738,0,0.0,-1.0
Japanese,Esteban Ocon,Odds to Finish Top Six,4,0.2222222222222222,0.3853086337958682,0.7338888520814071,1,4.5,3.5
Japanese,Sebastian Vettel,Odds to Win,6,0.001996007984031936,0.0027062065388753,0.35580947597652535,0,0.0,-1.0
Japanese,Sebastian Vettel,Odds to Finish Top Three,6,0.015151515151515152,0.0247836807899876,0.6357229321391815,0,0.0,-1.0
Japanese,Sebastian Vettel,Odds to Finish Top Six,6,0.10526315789473684,0.1898689689460735,0.8037552049876984,1,9.5,8.5
Japanese,Valtteri Bottas,Odds to Finish Top Three,15,0.007633587786259542,0.011422034984010062,0.49628658290531824,0,0.0,-1.0
Japanese,Valtteri Bottas,Odds to Finish Top Six,15,0.06666666666666667,0.08126467812876226,0.21897017193143387,0,0.0,-1.0
Japanese,Valtteri Bottas,Odds to Finish Top Ten,15,0.3333333333333333,0.351240733150755,0.053722199452264974,0,0.0,-1.0
SaudiArabian,Charles Leclerc,Odds to Finish Top Six,2,0.8181818181818182,0.8430511897117923,0.030395898536634824,1,1.222222222222222,0.2222222222222221
SaudiArabian,Charles Leclerc,Odds to Finish Top Ten,2,0.8275862068965517,0.8929924901634078,0.07903259228078441,1,1.2083333333333333,0.20833333333333326
SaudiArabian,Max Verstappen,Odds to Finish Top Six,1,0.8181818181818182,0.8247097830948975,0.00797862378265246,1,1.222222222222222,0.2222222222222221
SaudiArabian,Max Verstappen,Odds to Finish Top Ten,1,0.8275862068965517,0.8716704166614785,0.0532684201326199,1,1.2083333333333333,0.20833333333333326
SaudiArabian,Carlos Sainz,Odds to Win,3,0.13333333333333333,0.208411272617057,0.5630845446279276,0,0.0,-1.0
SaudiArabian,Carlos Sainz,Odds to Finish Top Three,3,0.6,0.6113310701745069,0.018885116957511716,1,1.6666666666666667,0.6666666666666667
SaudiArabian,Carlos Sainz,Odds to Finish Top Six,3,0.7916666666666666,0.8419174501185677,0.0634746738339802,1,1.2631578947368423,0.26315789473684226
SaudiArabian,Carlos Sainz,Odds to Finish Top Ten,3,0.8,0.9063876340203431,0.1329845425254288,1,1.25,0.25
SaudiArabian,Sergio Perez,Odds to Win,4,0.05263157894736842,0.1181994808193806,1.2457901355682317,0,0.0,-1.0
SaudiArabian,Sergio Perez,Odds to Finish Top Three,4,0.3389830508474576,0.4396762075316248,0.29704481221829315,0,0.0,-1.0
SaudiArabian,Sergio Perez,Odds to Finish Top Ten,4,0.8,0.8662645878549651,0.08283073481870629,1,1.25,0.25
SaudiArabian,Valtteri Bottas,Odds to Finish Top Three,\N,0.07692307692307693,0.11465327345748659,0.4904925549473256,0,0.0,-1.0
SaudiArabian,Pierre Gasly,Odds to Finish Top Three,8,0.043478260869565216,0.052574347609124,0.20920999500985205,0,0.0,-1.0
SaudiArabian,Lando Norris,Odds to Win,7,0.005847953216374269,0.0110661546093759,0.892312438203279,0,0.0,-1.0
SaudiArabian,Lando Norris,Odds to Finish Top Three,7,0.030303030303030304,0.1101303902156166,2.634302877115348,0,0.0,-1.0
SaudiArabian,Lando Norris,Odds to Finish Top Six,7,0.11764705882352941,0.3494510969075654,1.9703343237143058,0,0.0,-1.0
SaudiArabian,Lando Norris,Odds to Finish Top Ten,7,0.40816326530612246,0.5555502279380244,0.3610980584481598,1,2.4499999999999997,1.4499999999999997
SaudiArabian,Alexander Albon,Odds to Finish Top Six,14,0.0196078431372549,0.029904328500796468,0.5251207535406199,0,0.0,-1.0
SaudiArabian,Alexander Albon,Odds to Finish Top Ten,14,0.13333333333333333,0.13732287409516047,0.029921555713703585,0,0.0,-1.0
SaudiArabian,Nicholas Latifi,Odds to Finish Top Six,\N,0.0196078431372549,0.01997980316837749,0.01896996158725206,0,0.0,-1.0
SaudiArabian,Nicholas Latifi,Odds to Finish Top Ten,\N,0.058823529411764705,0.1484159388705962,1.5230709608001356,0,0.0,-1.0
SaudiArabian,Daniel Ricciardo,Odds to Finish Top Six,\N,0.09090909090909091,0.14870132836958672,0.6357146120654538,0,0.0,-1.0
SaudiArabian,Daniel Ricciardo,Odds to Finish Top Ten,\N,0.2857142857142857,0.3918421710039325,0.37144759851376374,0,0.0,-1.0
Monaco,Charles Leclerc,Odds to Finish Top Six,4,0.8333333333333334,0.8450680540143608,0.01408166481723283,1,1.2,0.19999999999999996
Monaco,Charles Leclerc,Odds to Finish Top Ten,4,0.8571428571428571,0.9010314250518305,0.05120332922713566,1,1.1666666666666667,0.16666666666666674
Monaco,Max Verstappen,Odds to Finish Top Six,3,0.8181818181818182,0.8393667229063123,0.025892661329937283,1,1.222222222222222,0.2222222222222221
Monaco,Max Verstappen,Odds to Finish Top Ten,3,0.8571428571428571,0.8789675199335902,0.025462106589188682,1,1.1666666666666667,0.16666666666666674
Monaco,Carlos Sainz,Odds to Win,2,0.047619047619047616,0.193743758219172,3.068618922602612,0,0.0,-1.0
Monaco,Carlos Sainz,Odds to Finish Top Three,2,0.45454545454545453,0.606519096747116,0.3343420128436554,1,2.2,1.2000000000000002
Monaco,Carlos Sainz,Odds to Finish Top Six,2,0.75,0.8520367199359188,0.13604895991455845,1,1.3333333333333333,0.33333333333333326
Monaco,Carlos Sainz,Odds to Finish Top Ten,2,0.8181818181818182,0.9205478087849465,0.1251139885149346,1,1.222222222222222,0.2222222222222221
Monaco,Sergio Perez,Odds to Win,1,0.038461538461538464,0.1693882008235887,3.404093221413306,1,26.0,25.0
Monaco,Sergio Perez,Odds to Finish Top Three,1,0.37735849056603776,0.5682868020646392,0.5059600254712939,1,2.65,1.65
Monaco,Sergio Perez,Odds to Finish Top Six,1,0.75,0.8188969949588624,0.09186265994514975,1,1.3333333333333333,0.33333333333333326
Monaco,Sergio Perez,Odds to Finish Top Ten,1,0.8181818181818182,0.9260539861392929,0.1318437608369134,1,1.222222222222222,0.2222222222222221
Monaco,Lando Norris,Odds to Win,6,0.004975124378109453,0.0427027262264602,7.583247971518501,0,0.0,-1.0
Monaco,Lando Norris,Odds to Finish Top Three,6,0.09090909090909091,0.2093615574609945,1.3029771320709393,0,0.0,-1.0
Monaco,Lando Norris,Odds to Finish Top Six,6,0.40816326530612246,0.47985531936456205,0.17564553244317693,1,2.4499999999999997,1.4499999999999997
Monaco,Lando Norris,Odds to Finish Top Ten,6,0.6666666666666666,0.6736038114699286,0.010405717204893028,1,1.5,0.5
Monaco,Fernando Alonso,Odds to Win,7,0.00398406374501992,0.0248564211840369,5.238961717193262,0,0.0,-1.0
Monaco,Fernando Alonso,Odds to Finish Top Three,7,0.058823529411764705,0.0883658410096678,0.5022192971643524,0,0.0,-1.0
Monaco,Fernando Alonso,Odds to Finish Top Six,7,0.26666666666666666,0.3017010715859908,0.13137901844746547,0,0.0,-1.0
Monaco,Yuki Tsunoda,Odds to Finish Top Six,17,0.06666666666666667,0.07825771167833409,0.1738656751750114,0,0.0,-1.0
Monaco,Sebastian Vettel,Odds to Win,10,0.0012484394506866417,0.0040634700585275,2.2548395168805277,0,0.0,-1.0
Monaco,Sebastian Vettel,Odds to Finish Top Three,10,0.004975124378109453,0.028697709706803798,4.768239651067564,0,0.0,-1.0
Monaco,Sebastian Vettel,Odds to Finish Top Six,10,0.043478260869565216,0.1584883844157203,2.645232841561567,0,0.0,-1.0
Monaco,Sebastian Vettel,Odds to Finish Top Ten,10,0.273972602739726,0.3389936111372168,0.2373266806508414,1,3.6500000000000004,2.6500000000000004
Monaco,Alexander Albon,Odds to Finish Top Six,\N,0.015151515151515152,0.03921933407355449,1.5884760488545964,0,0.0,-1.0
Monaco,Nicholas Latifi,Odds to Finish Top Six,15,0.006622516556291391,0.018461740478046065,1.7877228121849558,0,0.0,-1.0
Monaco,Nicholas Latifi,Odds to Finish Top Ten,15,0.05263157894736842,0.15799676089705697,2.0019384570440826,0,0.0,-1.0
AbuDhabi,Max Verstappen,Odds to Win,1,0.46511627906976744,0.6035220654206729,0.29757244065444666,1,2.15,1.15
AbuDhabi,Max Verstappen,Odds to Finish Top Three,1,0.7674418604651163,0.966604246277907,0.2595146239378787,1,1.303030303030303,0.303030303030303
AbuDhabi,Max Verstappen,Odds to Finish Top Six,1,0.875,0.9825124514805929,0.12287137312067764,1,1.1428571428571428,0.1428571428571428
AbuDhabi,Max Verstappen,Odds to Finish Top Ten,1,0.8888888888888888,0.9838331758683084,0.10681232285184694,1,1.125,0.125
AbuDhabi,Lewis Hamilton,Odds to Finish Top Ten,18,0.8888888888888888,0.9048108535339509,0.01791221022569478,0,0.0,-1.0
AbuDhabi,Charles Leclerc,Odds to Finish Top Three,2,0.425531914893617,0.4260940843493365,0.0013210982209408417,1,2.35,1.35
AbuDhabi,Charles Leclerc,Odds to Finish Top Ten,2,0.875,0.9074471039979072,0.037082404569036775,1,1.1428571428571428,0.1428571428571428
AbuDhabi,Sergio Perez,Odds to Win,3,0.06666666666666667,0.1607687268079362,1.411530902119043,0,0.0,-1.0
AbuDhabi,Sergio Perez,Odds to Finish Top Three,3,0.4878048780487805,0.7768807735305749,0.5926055857376786,1,2.0500000000000003,1.0500000000000003
AbuDhabi,Sergio Perez,Odds to Finish Top Six,3,0.8461538461538461,0.9416544681125592,0.11286437140575178,1,1.1818181818181819,0.18181818181818188
AbuDhabi,Sergio Perez,Odds to Finish Top Ten,3,0.8666666666666667,0.9700483199742522,0.11928652304721399,1,1.1538461538461537,0.15384615384615374
AbuDhabi,Carlos Sainz,Odds to Finish Top Three,4,0.3508771929824561,0.3708850236105602,0.05702231729009655,0,0.0,-1.0
AbuDhabi,Carlos Sainz,Odds to Finish Top Ten,4,0.8666666666666667,0.9284249541296663,0.07125956245730714,1,1.1538461538461537,0.15384615384615374
AbuDhabi,Lando Norris,Odds to Win,6,0.00398406374501992,0.0071411608067336,0.7924313624901336,0,0.0,-1.0
AbuDhabi,Lando Norris,Odds to Finish Top Three,6,0.047619047619047616,0.09055781774709701,0.9017141726890372,0,0.0,-1.0
AbuDhabi,Esteban Ocon,Odds to Finish Top Three,7,0.024390243902439025,0.0381591751663578,0.5645261818206697,0,0.0,-1.0
AbuDhabi,Esteban Ocon,Odds to Finish Top Six,7,0.2222222222222222,0.2761563695640499,0.24270366303822444,0,0.0,-1.0
AbuDhabi,Sebastian Vettel,Odds to Finish Top Six,10,0.125,0.1642180784483833,0.31374462758706634,0,0.0,-1.0
AbuDhabi,Sebastian Vettel,Odds to Finish Top Ten,10,0.3508771929824561,0.370251375960222,0.05521642148663286,1,2.85,1.85
AbuDhabi,Daniel Ricciardo,Odds to Finish Top Six,9,0.10526315789473684,0.1326419595924811,0.26009861612857055,0,0.0,-1.0
AbuDhabi,Daniel Ricciardo,Odds to Finish Top Ten,9,0.35714285714285715,0.40552219283083524,0.1354621399263387,1,2.8,1.7999999999999998
AbuDhabi,Mick Schumacher,Odds to Finish Top Six,16,0.034482758620689655,0.0398659993652761,0.15611398159300682,0,0.0,-1.0
AbuDhabi,Nicholas Latifi,Odds to Finish Top Six,19,0.009900990099009901,0.01146033186466647,0.1574935183313133,0,0.0,-1.0
AbuDhabi,Nicholas Latifi,Odds to Finish Top Ten,19,0.058823529411764705,0.12733782853165998,1.1647430850382197,0,0.0,-1.0
Belgian,Lewis Hamilton,Odds to Finish Top Ten,\N,0.8571428571428571,0.8972314549819981,0.04677003081233111,0,0.0,-1.0
Belgian,George Russell,Odds to Finish Top Ten,4,0.8571428571428571,0.8931834073003324,0.042047308517054516,1,1.1666666666666667,0.16666666666666674
Belgian,Carlos Sainz,Odds to Win,3,0.08333333333333333,0.2138493675249916,1.5661924102998994,0,0.0,-1.0
Belgian,Carlos Sainz,Odds to Finish Top Three,3,0.47619047619047616,0.6765155061849824,0.42068256298846296,1,2.1,1.1
Belgian,Carlos Sainz,Odds to Finish Top Six,3,0.7674418604651163,0.9156856213606047,0.19316611268200012,1,1.303030303030303,0.303030303030303
Belgian,Carlos Sainz,Odds to Finish Top Ten,3,0.8181818181818182,0.9578619096384697,0.17072011178035185,1,1.222222222222222,0.2222222222222221
Belgian,Sergio Perez,Odds to Win,2,0.043478260869565216,0.1900383497876334,3.370882045115568,0,0.0,-1.0
Belgian,Sergio Perez,Odds to Finish Top Three,2,0.425531914893617,0.6962929163537122,0.6362883534312236,1,2.35,1.35
Belgian,Sergio Perez,Odds to Finish Top Six,2,0.782608695652174,0.9095838965064149,0.162246089980419,1,1.2777777777777777,0.2777777777777777
Belgian,Sergio Perez,Odds to Finish Top Ten,2,0.8333333333333334,0.9612644279260376,0.1535173135112451,1,1.2,0.19999999999999996
Belgian,Fernando Alonso,Odds to Win,5,0.004975124378109453,0.1214915709979833,23.419805770594643,0,0.0,-1.0
Belgian,Fernando Alonso,Odds to Finish Top Three,5,0.05263157894736842,0.260880858251015,3.956736306769285,0,0.0,-1.0
Belgian,Fernando Alonso,Odds to Finish Top Six,5,0.4444444444444444,0.5839489405139243,0.31388511615632986,1,2.25,1.25
Belgian,Fernando Alonso,Odds to Finish Top Ten,5,0.7674418604651163,0.7688632538772975,0.001852118688599802,1,1.303030303030303,0.303030303030303
Belgian,Daniel Ricciardo,Odds to Win,15,0.0033222591362126247,0.0039397021880128,0.18585035859185295,0,0.0,-1.0
Belgian,Daniel Ricciardo,Odds to Finish Top Three,15,0.0196078431372549,0.06824568002809231,2.480529681432708,0,0.0,-1.0
Belgian,Daniel Ricciardo,Odds to Finish Top Six,15,0.2,0.3029909542784356,0.5149547713921778,0,0.0,-1.0
Belgian,Daniel Ricciardo,Odds to Finish Top Ten,15,0.5,0.5534901026622722,0.10698020532454433,0,0.0,-1.0
Belgian,Sebastian Vettel,Odds to Finish Top Three,8,0.015151515151515152,0.0176497740077521,0.16488508451163875,0,0.0,-1.0
Belgian,Sebastian Vettel,Odds to Finish Top Six,8,0.1,0.1398470050080658,0.39847005008065794,0,0.0,-1.0
Belgian,Lance Stroll,Odds to Finish Top Three,11,0.009900990099009901,0.014283698955795699,0.44265359453536557,0,0.0,-1.0
Belgian,Alexander Albon,Odds to Win,10,0.0011098779134295228,0.0023053165166176,1.0770901814724572,0,0.0,-1.0
Belgian,Alexander Albon,Odds to Finish Top Three,10,0.004975124378109453,0.0358194363678553,6.199706709938915,0,0.0,-1.0
Belgian,Alexander Albon,Odds to Finish Top Six,10,0.024390243902439025,0.1398497902264507,4.733841399284478,0,0.0,-1.0
Belgian,Alexander Albon,Odds to Finish Top Ten,10,0.19607843137254902,0.2764706393541969,0.41000026070640416,1,5.1,4.1
Belgian,Nicholas Latifi,Odds to Finish Top Three,18,0.0033222591362126247,0.0066865977567347,1.0126659247771448,0,0.0,-1.0
Belgian,Nicholas Latifi,Odds to Finish Top Six,18,0.006622516556291391,0.0527634966433404,6.9672879931444,0,0.0,-1.0
MexicoCity,Max Verstappen,Odds to Finish Top Three,1,0.8181818181818182,0.9659549184693577,0.18061156701810366,1,1.222222222222222,0.2222222222222221
MexicoCity,Max Verstappen,Odds to Finish Top Six,1,0.8571428571428571,0.9850284262233672,0.14919983059392838,1,1.1666666666666667,0.16666666666666674
MexicoCity,Max Verstappen,Odds to Finish Top Ten,1,0.875,0.9865925467526134,0.1275343391458439,1,1.1428571428571428,0.1428571428571428
MexicoCity,Sergio Perez,Odds to Finish Top Three,3,0.5555555555555556,0.7018420373461869,0.26331566722313626,1,1.7999999999999998,0.7999999999999998
MexicoCity,Sergio Perez,Odds to Finish Top Six,3,0.8461538461538461,0.9097426040466542,0.07515035023695504,1,1.1818181818181819,0.18181818181818188
MexicoCity,Sergio Perez,Odds to Finish Top Ten,3,0.8666666666666667,0.9546501116845615,0.10151935963603242,1,1.1538461538461537,0.15384615384615374
MexicoCity,Lewis Hamilton,Odds to Finish Top Ten,2,0.8666666666666667,0.9397681035741717,0.08434781181635187,1,1.1538461538461537,0.15384615384615374
MexicoCity,Carlos Sainz,Odds to Finish Top Ten,5,0.8666666666666667,0.9238129967816343,0.06593807320957801,1,1.1538461538461537,0.15384615384615374
MexicoCity,George Russell,Odds to Win,4,0.034482758620689655,0.0722048580998687,1.0939408848961922,0,0.0,-1.0
MexicoCity,George Russell,Odds to Finish Top Ten,4,0.8666666666666667,0.9558948290184044,0.10295557194431271,1,1.1538461538461537,0.15384615384615374
MexicoCity,Lando Norris,Odds to Win,9,0.00398406374501992,0.0052881864046431,0.327334787565418,0,0.0,-1.0
MexicoCity,Lando Norris,Odds to Finish Top Three,9,0.058823529411764705,0.0903157077319503,0.5353670314431551,0,0.0,-1.0
MexicoCity,Fernando Alonso,Odds to Win,19,0.00398406374501992,0.0063173763632843,0.5856614671843592,0,0.0,-1.0
MexicoCity,Esteban Ocon,Odds to Finish Top Three,8,0.027777777777777776,0.029742135878105203,0.07071689161178729,0,0.0,-1.0
MexicoCity,Pierre Gasly,Odds to Finish Top Six,11,0.06666666666666667,0.0679736642642571,0.019604963963856692,0,0.0,-1.0
MexicoCity,Valtteri Bottas,Odds to Finish Top Three,10,0.007633587786259542,0.0469623378592634,5.152066259563506,0,0.0,-1.0
MexicoCity,Valtteri Bottas,Odds to Finish Top Six,10,0.06666666666666667,0.1789761191439754,1.6846417871596313,0,0.0,-1.0
MexicoCity,Valtteri Bottas,Odds to Finish Top Ten,10,0.38461538461538464,0.4554086006138019,0.18406236159588496,1,2.5999999999999996,1.5999999999999996
MexicoCity,Daniel Ricciardo,Odds to Finish Top Three,7,0.0196078431372549,0.0205285651197423,0.046956821106857394,0,0.0,-1.0
MexicoCity,Daniel Ricciardo,Odds to Finish Top Six,7,0.11764705882352941,0.188805261131717,0.6048447196195945,0,0.0,-1.0
MexicoCity,Daniel Ricciardo,Odds to Finish Top Ten,7,0.35714285714285715,0.4827828723720546,0.3517920426417529,1,2.8,1.7999999999999998
MexicoCity,Zhou Guanyu,Odds to Finish Top Three,13,0.00398406374501992,0.004425321480484812,0.11075569160168786,0,0.0,-1.0
MexicoCity,Zhou Guanyu,Odds to Finish Top Six,13,0.027777777777777776,0.04096648583646581,0.4747934901127693,0,0.0,-1.0
MexicoCity,Mick Schumacher,Odds to Finish Top Six,16,0.03225806451612903,0.034283354377825745,0.06278398571259802,0,0.0,-1.0
MexicoCity,Nicholas Latifi,Odds to Finish Top Six,18,0.009900990099009901,0.019145647355975084,0.9337103829534834,0,0.0,-1.0
MexicoCity,Nicholas Latifi,Odds to Finish Top Ten,18,0.06666666666666667,0.15781432838057957,1.3672149257086934,0,0.0,-1.0
MexicoCity,Yuki Tsunoda,Odds to Finish Top Six,\N,0.034482758620689655,0.04518063104797303,0.3102383003912179,0,0.0,-1.0
French,Max Verstappen,Odds to Finish Top Three,1,0.75,0.8496730755193659,0.1328974340258211,1,1.3333333333333333,0.33333333333333326
French,Max Verstappen,Odds to Finish Top Six,1,0.8181818181818182,0.9411423931002252,0.1502851471224973,1,1.222222222222222,0.2222222222222221
French,Max Verstappen,Odds to Finish Top Ten,1,0.8823529411764706,0.9564666842923504,0.08399557553133041,1,1.1333333333333333,0.1333333333333333
French,Charles Leclerc,Odds to Finish Top Six,\N,0.8181818181818182,0.8694850347818998,0.06270393140009967,0,0.0,-1.0
French,Charles Leclerc,Odds to Finish Top Ten,\N,0.8823529411764706,0.9210340508306669,0.043838590941422506,0,0.0,-1.0
French,Lewis Hamilton,Odds to Finish Top Ten,2,0.8461538461538461,0.885030821410696,0.04594551621264076,1,1.1818181818181819,0.18181818181818188
French,Sergio Perez,Odds to Win,4,0.07692307692307693,0.1421397336874991,0.8478165379374882,0,0.0,-1.0
French,Sergio Perez,Odds to Finish Top Three,4,0.5121951219512195,0.585943515258518,0.14398495836186842,0,0.0,-1.0
French,Sergio Perez,Odds to Finish Top Six,4,0.8,0.8529176003650212,0.0661470004562763,1,1.25,0.25
French,Sergio Perez,Odds to Finish Top Ten,4,0.8461538461538461,0.9440808159321772,0.11573187337439128,1,1.1818181818181819,0.18181818181818188
French,George Russell,Odds to Finish Top Ten,3,0.8461538461538461,0.8632677936214828,0.02022557427993421,1,1.1818181818181819,0.18181818181818188
French,Fernando Alonso,Odds to Win,6,0.006622516556291391,0.0187573312086739,1.832357012509759,0,0.0,-1.0
French,Fernando Alonso,Odds to Finish Top Three,6,0.058823529411764705,0.0817173551809232,0.38919503807569433,0,0.0,-1.0
French,Lando Norris,Odds to Win,7,0.006622516556291391,0.0281291766741177,3.2475056777917732,0,0.0,-1.0
French,Lando Norris,Odds to Finish Top Three,7,0.058823529411764705,0.1767352302801641,2.00449891476279,0,0.0,-1.0
French,Lando Norris,Odds to Finish Top Six,7,0.3508771929824561,0.48819799767422667,0.391364293371546,0,0.0,-1.0
French,Daniel Ricciardo,Odds to Finish Top Three,9,0.024390243902439025,0.0442104327535448,0.8126277428953366,0,0.0,-1.0
French,Daniel Ricciardo,Odds to Finish Top Six,9,0.18181818181818182,0.2577155952141703,0.4174357736779366,0,0.0,-1.0
French,Daniel Ricciardo,Odds to Finish Top Ten,9,0.4878048780487805,0.5528862619828063,0.13341683706475305,1,2.0500000000000003,1.0500000000000003
French,Sebastian Vettel,Odds to Finish Top Three,11,0.006622516556291391,0.0103127443360586,0.5572243947448485,0,0.0,-1.0
French,Sebastian Vettel,Odds to Finish Top Six,11,0.06666666666666667,0.11574868332214061,0.7362302498321092,0,0.0,-1.0
French,Yuki Tsunoda,Odds to Finish Top Three,\N,0.006622516556291391,0.009421283755206,0.4226138470361058,0,0.0,-1.0
French,Yuki Tsunoda,Odds to Finish Top Six,\N,0.06666666666666667,0.100763327577317,0.511449913659755,0,0.0,-1.0
French,Alexander Albon,Odds to Finish Top Three,13,0.0033222591362126247,0.006054847084609929,0.8225089724675885,0,0.0,-1.0
French,Alexander Albon,Odds to Finish Top Six,13,0.027777777777777776,0.056004850405999326,1.0161746146159758,0,0.0,-1.0
French,Pierre Gasly,Odds to Finish Top Ten,12,0.2222222222222222,0.28881966593082786,0.29968849668872544,0,0.0,-1.0
French,Nicholas Latifi,Odds to Finish Top Six,\N,0.006622516556291391,0.022048931584075577,2.329388669195412,0,0.0,-1.0
French,Nicholas Latifi,Odds to Finish Top Ten,\N,0.05263157894736842,0.17379300261678948,2.3020670497190006,0,0.0,-1.0
